timestamp,speed(m/s2),acc(m/s2),acc_slope(m/s2),pedal_cmd,pedal_fd
1655973647.24,4.09961319031,1.11709478301,-0.143799473143,-10.0,0.0
1655973647.25,4.11059498248,1.08183712812,-0.145222301555,-10.0,0.0
1655973647.26,4.12168601913,1.09352862752,-0.146551698015,-10.0,0.0
1655973647.27,4.13246267078,1.0627777155,-0.148026973199,-10.0,0.0
1655973647.28,4.14289407135,1.02856094645,-0.149065513233,-10.0,0.0
1655973647.29,4.15364983459,1.05939169569,-0.150120449928,-10.0,0.0
1655973647.3,4.16459912668,1.07886301066,-0.151334457819,-10.0,0.0
1655973647.31,4.17514419576,1.03878998145,-0.152240901219,-10.0,0.0
1655973647.32,4.18557953797,1.02643360024,-0.153636556612,-10.0,0.0
1655973647.33,4.19623720122,1.04864737391,-0.154772212282,-10.0,0.0
1655973647.34,4.20671705749,1.03146151561,-0.155784555091,-10.0,0.0
1655973647.35,4.21566785894,0.881132954269,-0.156569879476,-10.0,0.0
1655973647.36,4.22225201957,0.650059108241,-0.157365580778,-10.0,0.0
1655973647.37,4.2265998074,0.43251928348,-0.157721191914,-10.0,0.0
1655973647.38,4.22961202687,0.302911305073,-0.157528137253,-10.0,0.0
1655973647.39,4.23150026007,0.192954745479,-0.156875206295,-10.0,-10.0
1655973647.4,4.23147618817,0.00430041006867,-0.155638264057,-10.0,-10.0
1655973647.41,4.23086215588,-0.0523428693544,-0.154157535654,-10.0,-10.0
1655973647.42,4.23019628851,-0.0581817107805,-0.151895265188,-10.0,-10.0
1655973647.44,4.22849979232,-0.0833599403443,-0.146064173816,-10.0,-10.0
1655973647.45,4.2270710037,-0.136319969877,-0.142545381262,-10.0,-10.0
1655973647.46,4.22537303214,-0.162536732329,-0.138413958601,-10.0,-10.0
1655973647.47,4.2234688541,-0.18356324963,-0.13385303273,-10.0,-10.0
1655973647.48,4.22123584219,-0.216257258303,-0.128707462631,-10.0,-10.0
1655973647.49,4.21807155814,-0.30854766578,-0.123662259639,-10.0,-10.0
1655973647.5,4.21453271853,-0.345753456758,-0.118082265779,-10.0,-10.0
1655973647.51,4.21088745875,-0.357533437694,-0.11206632487,-10.0,-10.0
1655973647.52,4.20700035307,-0.382295159119,-0.105869374464,-10.0,-10.0
1655973647.53,4.20230772896,-0.462503526571,-0.0994258519566,-10.0,-10.0
1655973647.54,4.19748854474,-0.475382908192,-0.0927429607961,-10.0,-10.0
1655973647.55,4.19250969069,-0.492051943149,-0.0858866494772,-10.0,-10.0
1655973647.56,4.18756999585,-0.488717447038,-0.0789268961617,-10.0,-10.0
1655973647.57,4.18210041048,-0.541905536065,-0.0715861695123,-10.0,-10.0
1655973647.58,4.1763143193,-0.573785275092,-0.0646934479591,-10.0,-10.0
1655973647.59,4.17008108593,-0.617719173483,-0.0573155385533,-10.0,-10.0
1655973647.6,4.16342828819,-0.659288362163,-0.0502975917373,-10.0,-10.0
1655973647.61,4.15662016475,-0.674588559739,-0.0431948633901,-10.0,-10.0
1655973647.62,4.14913950229,-0.74093688664,-0.036317295128,-10.0,-10.0
1655973647.63,4.14082750426,-0.822621197949,-0.0296070790322,-10.0,-8.80000019073
1655973647.64,4.13238855526,-0.834953822813,-0.0231857520568,-10.0,-8.80000019073
1655973647.65,4.12412527232,-0.817259270577,-0.0169322025179,-10.0,-8.80000019073
1655973647.66,4.11554584642,-0.848058864056,-0.0107915614433,-10.0,-8.80000019073
1655973647.67,4.10721925546,-0.822741530273,-0.00483590684721,-10.0,-8.80000019073
1655973647.68,4.09849333483,-0.861685675861,0.000937752943648,-10.0,-8.80000019073
1655973647.69,4.08991396366,-0.847110519637,0.00604824514598,-10.0,-8.80000019073
1655973647.7,4.06574418106,-0.939698928511,0.00392524680774,-10.0,-8.80000019073
1655973647.71,4.05664451086,-0.898359961785,0.00841135513699,-10.0,-8.80000019073
1655973647.72,4.04702153232,-0.949868751674,0.0124132915614,-10.0,-8.80000019073
1655973647.73,4.03760966447,-0.929167184133,0.0156856906039,-10.0,-8.80000019073
1655973647.75,4.01879658601,-0.92426995601,0.0210640956702,-10.0,-8.80000019073
1655973647.76,4.00936867046,-0.930434916858,0.0230436352614,-10.0,-8.80000019073
1655973647.77,3.99973144121,-0.951459448527,0.0244703627217,-10.0,-8.80000019073
1655973647.78,3.99023316764,-0.938134081663,0.0254337781305,-10.0,-8.80000019073
1655973647.79,3.98106220208,-0.906105608336,0.0257913225634,-10.0,-8.80000019073
1655973647.8,3.97250996806,-0.845209317145,0.0257582833668,-10.0,-8.80000019073
1655973647.81,3.96370752564,-0.870410127885,0.0252098166229,-10.0,-8.80000019073
1655973647.82,3.9539364571,-0.966632906502,0.0243414862685,-10.0,-8.80000019073
1655973647.83,3.94391262226,-0.992004300092,0.0233663714069,-10.0,-8.80000019073
1655973647.84,3.93395374835,-0.986723625313,0.0214054355265,-10.0,-8.80000019073
1655973647.85,3.92379508068,-1.0066691995,0.0195989739277,-10.0,-8.80000019073
1655973647.86,3.91311997871,-1.05771394171,0.0174925489104,-10.0,-8.80000019073
1655973647.87,3.90285183818,-1.01842017122,0.0144627199242,-10.0,-10.0
1655973647.88,3.89304214007,-0.973454899774,0.011493611649,-10.0,-10.0
1655973647.89,3.88375863746,-0.922013550012,0.00795504163854,-10.0,-10.0
1655973647.9,3.87581220898,-0.790280273515,0.00398459761993,-10.0,-10.0
1655973647.91,3.86864371406,-0.713164999597,0.000175299356836,-10.0,-10.0
1655973647.92,3.8619404415,-0.667965686588,-0.0043809211396,-10.0,-10.0
1655973647.93,3.85483688645,-0.706888128396,-0.00840269909962,-10.0,-10.0
1655973647.94,3.84737979921,-0.741898959581,-0.012742362639,-10.0,-10.0
1655973647.95,3.83864465869,-0.867897961119,-0.0171457003654,-10.0,-10.0
1655973647.96,3.8294526606,-0.912199502562,-0.0208293430909,-10.0,-10.0
1655973647.97,3.82088172351,-0.850834067856,-0.0245455110264,-10.0,-10.0
1655973647.98,3.81273477251,-0.808807994934,-0.0280540176648,-10.0,-10.0
1655973647.99,3.80455403279,-0.811596953374,-0.0311843710819,-10.0,-10.0
1655973647.99,3.80455403279,-0.811596953374,-0.0311843710819,-10.0,-10.0
1655973648.01,3.78749978123,-0.829837950613,-0.035930624671,-10.0,-10.0
1655973648.02,3.77888904491,-0.852985300857,-0.0379226436599,-10.0,-10.0
1655973648.03,3.76990138106,-0.889765438003,-0.0394287938943,-10.0,-8.80000019073
1655973648.05,3.75233644666,-0.820667361183,-0.0408323174138,-10.0,-8.80000019073
1655973648.06,3.74476059973,-0.750841788225,-0.0414251774963,-10.0,-8.80000019073
1655973648.07,3.7372685245,-0.742435517968,-0.0418225948869,-10.0,-8.80000019073
1655973648.08,3.72971253097,-0.748908528571,-0.0414960145261,-10.0,-8.80000019073
1655973648.09,3.72201995492,-0.762483704031,-0.0407861762777,-10.0,-8.80000019073
1655973648.1,3.7093977155,-0.761052351872,-0.0411549487294,-10.0,-8.80000019073
1655973648.11,3.70130765264,-0.802559748398,-0.0403564854104,-10.0,-8.80000019073
1655973648.12,3.69305479613,-0.819081106535,-0.0397047611395,-10.0,-8.80000019073
1655973648.13,3.68445183134,-0.853545637284,-0.0386211238139,-10.0,-8.80000019073
1655973648.14,3.67555700013,-0.882890543727,-0.0377259980081,-10.0,-8.80000019073
1655973648.15,3.66704207176,-0.843361031331,-0.0366239709077,-10.0,-8.80000019073
1655973648.16,3.65824844516,-0.872652042925,-0.0353995784058,-10.0,-8.80000019073
1655973648.17,3.64904150156,-0.913870995154,-0.0344767382196,-10.0,-8.80000019073
1655973648.18,3.63991085208,-0.906355631579,-0.0333209950331,-10.0,-8.80000019073
1655973648.19,3.63135262869,-0.850222811304,-0.0323178607428,-10.0,-8.80000019073
1655973648.2,3.62326347715,-0.804293214251,-0.0317565680686,-10.0,-8.80000019073
1655973648.2,3.62326347715,-0.804293214251,-0.0317565680686,-10.0,-8.80000019073
1655973648.22,3.6053000952,-0.799749527077,-0.0328297829172,-10.0,-8.80000019073
1655973648.23,3.59751421981,-0.774975755136,-0.032847975974,-10.0,-8.80000019073
1655973648.24,3.58953903895,-0.794209820864,-0.0336864672715,-10.0,-8.80000019073
1655973648.25,3.5810533325,-0.844640727782,-0.0343908759813,-10.0,-8.80000019073
1655973648.25,3.5810533325,-0.844640727782,-0.0343908759813,-10.0,-8.80000019073
1655973648.27,3.5641588819,-0.82452574997,-0.0367146410609,-10.0,-8.80000019073
1655973648.28,3.55573748112,-0.838713902562,-0.0384556657992,-10.0,-8.80000019073
1655973648.29,3.54758612065,-0.81215598829,-0.0404860077801,-10.0,-8.80000019073
1655973648.3,3.53932241489,-0.823659117121,-0.0423429301879,-10.0,-8.80000019073
1655973648.31,3.53127255944,-0.803310027264,-0.0448340298947,-10.0,-8.80000019073
1655973648.32,3.52390226071,-0.73594861675,-0.0472327132381,-10.0,-8.80000019073
1655973648.33,3.51635901,-0.753445728888,-0.0494659319399,-10.0,-8.80000019073
1655973648.34,3.5088085508,-0.754593022394,-0.0520438012984,-10.0,-8.80000019073
1655973648.36,3.49460212994,-0.710912676679,-0.0576017614608,-10.0,-8.80000019073
1655973648.37,3.48730860704,-0.729377329681,-0.0607728970406,-10.0,-8.80000019073
1655973648.38,3.47991442254,-0.739056581099,-0.0635404821387,-10.0,-8.80000019073
1655973648.39,3.47253814884,-0.73645733416,-0.0661985678216,-10.0,-8.80000019073
1655973648.4,3.46485966224,-0.765817445069,-0.069015958249,-10.0,-8.80000019073
1655973648.41,3.45706887118,-0.776545307949,-0.0713371079861,-10.0,-8.80000019073
1655973648.42,3.44904874576,-0.798667465721,-0.0740201118988,-10.0,-8.80000019073
1655973648.43,3.44089072375,-0.810881985391,-0.0762872526366,-10.0,-8.80000019073
1655973648.44,3.43266104481,-0.817639463897,-0.0782332207443,-10.0,-8.80000019073
1655973648.45,3.42475880801,-0.784807956571,-0.0802724318702,-10.0,-8.80000019073
1655973648.46,3.41675500099,-0.794109314786,-0.0817748703672,-10.0,-8.80000019073
1655973648.47,3.40881016564,-0.787205257897,-0.0833530527261,-10.0,-8.80000019073
1655973648.48,3.40124528399,-0.749293939641,-0.0846379567579,-10.0,-8.80000019073
1655973648.49,3.39378464309,-0.739050056975,-0.0855374783008,-10.0,-8.80000019073
1655973648.5,3.38649111859,-0.722088234892,-0.0862665028526,-10.0,-8.80000019073
1655973648.51,3.37929750037,-0.711833537792,-0.0869268882755,-10.0,-8.80000019073
1655973648.52,3.3720970079,-0.712358673251,-0.0871523773042,-10.0,-8.80000019073
1655973648.53,3.36435518887,-0.765446001686,-0.087172431789,-10.0,-8.80000019073
1655973648.54,3.35622042465,-0.803960117389,-0.0872568946359,-10.0,-8.80000019073
1655973648.55,3.34801769115,-0.810215830445,-0.0873420492161,-10.0,-8.80000019073
1655973648.56,3.33953602308,-0.836259507957,-0.0867281367976,-10.0,-8.80000019073
1655973648.57,3.33067921478,-0.873061457811,-0.0859322156886,-10.0,-8.80000019073
1655973648.58,3.32176279713,-0.878332351626,-0.0851356731515,-10.0,-8.80000019073
1655973648.59,3.31259157074,-0.902714615704,-0.0839588826384,-10.0,-8.80000019073
1655973648.6,3.30322471408,-0.921461405418,-0.0822075937125,-10.0,-8.80000019073
1655973648.61,3.29400719837,-0.906726371567,-0.080122494498,-10.0,-8.80000019073
1655973648.62,3.28513898057,-0.872629676554,-0.0779861678752,-10.0,-8.80000019073
1655973648.63,3.2765813074,-0.842565149834,-0.0753826635759,-10.0,-8.80000019073
1655973648.65,3.26056077132,-0.773136065589,-0.0690835158315,-10.0,-8.80000019073
1655973648.66,3.25249950556,-0.796205456186,-0.0659441159801,-10.0,-8.80000019073
1655973648.67,3.24503588295,-0.737974633441,-0.06254197198,-10.0,-8.80000019073
1655973648.68,3.23735777578,-0.759990373732,-0.0591632404823,-10.0,-8.80000019073
1655973648.69,3.22953608634,-0.774605687214,-0.0558603663256,-10.0,-8.80000019073
1655973648.7,3.22125800651,-0.819732658912,-0.0520069784626,-10.0,-8.80000019073
1655973648.71,3.21329132428,-0.789425711658,-0.0485827352073,-10.0,-8.80000019073
1655973648.72,3.20556117492,-0.766600197162,-0.045411145457,-10.0,-8.80000019073
1655973648.73,3.19460110184,-0.768669093255,-0.0441928614083,-10.0,-8.80000019073
1655973648.74,3.18697100871,-0.757303639972,-0.0409176467201,-10.0,-8.80000019073
1655973648.75,3.17898713121,-0.792386705111,-0.0378641584015,-10.0,-8.80000019073
1655973648.76,3.17112888902,-0.779837832133,-0.0345980114754,-10.0,-8.80000019073
1655973648.77,3.16356146833,-0.751367109324,-0.0315408115835,-10.0,-8.80000019073
1655973648.78,3.15581440044,-0.769284683874,-0.0285318131934,-10.0,-8.80000019073
1655973648.79,3.14798227453,-0.777768855132,-0.0260190989097,-10.0,-8.0
1655973648.8,3.14004066108,-0.788254293547,-0.0233540251721,-10.0,-8.0
1655973648.81,3.13181636749,-0.816135055495,-0.0208786279569,-10.0,-8.0
1655973648.82,3.12332651699,-0.842236709508,-0.0184447338703,-10.0,-8.0
1655973648.83,3.11502361273,-0.823880521636,-0.016382435465,-10.0,-8.0
1655973648.84,3.10710383167,-0.786061768249,-0.0146707920003,-10.0,-8.0
1655973648.85,3.09869032917,-0.834738205318,-0.0129877513009,-10.0,-8.0
1655973648.86,3.08995280808,-0.866648341995,-0.0113542393724,-10.0,-8.0
1655973648.87,3.08115781504,-0.872604855536,-0.0104297121611,-10.0,-8.0
1655973648.88,3.07257815861,-0.851450394543,-0.00997652139086,-10.0,-8.0
1655973648.89,3.0642200599,-0.829744464001,-0.00980981706839,-10.0,-8.80000019073
1655973648.9,3.05579992277,-0.836036931689,-0.00985640806185,-10.0,-8.80000019073
1655973648.91,3.04758295686,-0.816185580531,-0.010279129004,-10.0,-8.80000019073
1655973648.92,3.03954412195,-0.798766394805,-0.0108952909062,-10.0,-8.80000019073
1655973648.93,3.03158280709,-0.790932748481,-0.0112735096712,-10.0,-8.80000019073
1655973648.95,3.01571127885,-0.781793475392,-0.0133644065733,-10.0,-8.80000019073
1655973648.96,3.00770110256,-0.796660216565,-0.0145057269469,-10.0,-8.80000019073
1655973648.97,2.99963546868,-0.802022032686,-0.0153556812714,-10.0,-8.80000019073
1655973648.98,2.99070317853,-0.887837649861,-0.0164428351039,-10.0,-8.80000019073
1655973648.99,2.98210237318,-0.854921257135,-0.0172393952467,-10.0,-8.80000019073
1655973648.99,2.98210237318,-0.854921257135,-0.0172393952467,-10.0,-8.80000019073
1655973649.01,2.96595809869,-0.766915136652,-0.0184519895367,-10.0,-8.80000019073
1655973649.02,2.95791419992,-0.799925951299,-0.0189786928367,-10.0,-8.80000019073
1655973649.03,2.95005053755,-0.781443242439,-0.0190701780499,-10.0,-8.80000019073
1655973649.04,2.94242419542,-0.757938736531,-0.0192110667359,-10.0,-8.80000019073
1655973649.05,2.93486533208,-0.750894836592,-0.0188804909139,-10.0,-8.80000019073
1655973649.06,2.92662737299,-0.817720670384,-0.0183062222868,-10.0,-8.80000019073
1655973649.07,2.91813489067,-0.842761552257,-0.017565236415,-10.0,-8.80000019073
1655973649.08,2.91009663221,-0.797619778386,-0.0167364322651,-10.0,-8.80000019073
1655973649.09,2.90206678917,-0.796405719075,-0.0155944318063,-10.0,-8.80000019073
1655973649.1,2.89996138473,-0.804283788968,-0.0120549719658,-10.0,-8.80000019073
1655973649.11,2.8916322057,-0.826757355587,-0.0106853589952,-10.0,-8.80000019073
1655973649.12,2.88363499869,-0.793390083704,-0.00942162652992,-10.0,-8.80000019073
1655973649.13,2.87592878535,-0.764671112994,-0.00784906037218,-10.0,-8.80000019073
1655973649.14,2.86798162268,-0.788639818183,-0.00590575227749,-10.0,-8.80000019073
1655973649.15,2.85972830596,-0.819089994537,-0.00400789719508,-10.0,-8.80000019073
1655973649.16,2.85172774263,-0.793902353893,-0.00226915650276,-10.0,-8.80000019073
1655973649.17,2.84384798637,-0.78140802976,-0.000457875186739,-10.0,-8.80000019073
1655973649.18,2.83618352358,-0.760321410295,0.00155890519079,-10.0,-8.80000019073
1655973649.19,2.82855969953,-0.755801545288,0.00366929425341,-10.0,-8.80000019073
1655973649.2,2.82072601326,-0.776261715279,0.00552632000874,-10.0,-8.80000019073
1655973649.21,2.81298677695,-0.766724632375,0.00775836325893,-10.0,-8.80000019073
1655973649.22,2.80547108817,-0.74465950169,0.00986618767094,-10.0,-8.80000019073
1655973649.23,2.79750618895,-0.78905292004,0.0119603378602,-10.0,-8.80000019073
1655973649.25,2.78109035713,-0.783546704948,0.0158515641524,-10.0,-8.80000019073
1655973649.26,2.77310181089,-0.791113806002,0.0177402824838,-10.0,-8.80000019073
1655973649.27,2.7650909082,-0.793217611836,0.0196920017156,-10.0,-8.80000019073
1655973649.28,2.75727923523,-0.773474235372,0.0210883769538,-10.0,-8.80000019073
1655973649.29,2.74957174231,-0.762948258197,0.0225547415754,-10.0,-8.80000019073
1655973649.3,2.7417686251,-0.772389323346,0.0241981382922,-10.0,-8.80000019073
1655973649.31,2.73383070768,-0.785542529282,0.025347495684,-10.0,-8.80000019073
1655973649.32,2.72586948201,-0.78737134617,0.0265215546756,-10.0,-8.80000019073
1655973649.33,2.71794430336,-0.784013071122,0.0275053241215,-10.0,-8.80000019073
1655973649.34,2.70985165002,-0.800905775461,0.0283782385876,-10.0,-8.80000019073
1655973649.35,2.70172826072,-0.803664525429,0.0291762583597,-10.0,-8.80000019073
1655973649.36,2.69379243323,-0.7851497718,0.0294378275955,-10.0,-8.80000019073
1655973649.37,2.68577454314,-0.793249016911,0.0295546160952,-10.0,-8.80000019073
1655973649.38,2.67790829646,-0.778986852093,0.0293342879004,-10.0,-8.80000019073
1655973649.39,2.67021089103,-0.762126009462,0.0290297441274,-10.0,-8.80000019073
1655973649.4,2.66267556787,-0.74656114439,0.0280473703699,-10.0,-8.80000019073
1655973649.41,2.65531221919,-0.729885844586,0.0271933299999,-10.0,-8.80000019073
1655973649.42,2.6479030652,-0.734698549792,0.0262726826033,-10.0,-8.80000019073
1655973649.43,2.64054906165,-0.729746414489,0.0252104323925,-10.0,-8.80000019073
1655973649.44,2.63341710412,-0.708178793983,0.0239119352991,-10.0,-8.0
1655973649.45,2.62613777522,-0.722887834214,0.0225430306759,-10.0,-8.0
1655973649.46,2.61917392145,-0.692092967485,0.0212607459413,-10.0,-8.0
1655973649.47,2.61195403997,-0.717517102381,0.0199477862785,-10.0,-8.0
1655973649.48,2.60469493976,-0.721674424786,0.0186149448221,-10.0,-8.0
1655973649.49,2.59749422563,-0.716048642571,0.0175597763124,-10.0,-8.0
1655973649.5,2.59012318733,-0.733227122506,0.0161791089262,-10.0,-8.0
1655973649.51,2.58275551573,-0.732830233924,0.0151256899404,-10.0,-8.0
1655973649.52,2.57506221085,-0.765416365462,0.0138751785779,-10.0,-8.0
1655973649.53,2.56731808757,-0.770320062626,0.0128826619793,-10.0,-8.0
1655973649.54,2.55938808461,-0.788567329727,0.0119712811614,-10.0,-8.0
1655973649.55,2.55133540465,-0.800921622156,0.0107681421335,-10.0,-8.0
1655973649.57,2.53531386657,-0.790374148192,0.00886185759805,-10.0,-8.0
1655973649.58,2.52767484222,-0.759793174015,0.00788984362977,-10.0,-8.0
1655973649.59,2.51979252144,-0.783648412429,0.00657345924784,-10.0,-8.0
1655973649.6,2.5125442418,-0.721180973669,0.00549798949745,-10.0,-8.0
1655973649.61,2.50508939209,-0.741386577285,0.00473932363601,-10.0,-8.0
1655973649.62,2.49743683347,-0.760416358498,0.00400978836886,-10.0,-8.0
1655973649.63,2.48977898251,-0.761009265436,0.00329272215462,-10.0,-8.80000019073
1655973649.64,2.48209652001,-0.763404585191,0.00280392956714,-10.0,-8.80000019073
1655973649.65,2.47469741177,-0.735282994889,0.00254782966872,-10.0,-8.80000019073
1655973649.66,2.46738478705,-0.726299432044,0.00215523256536,-10.0,-8.80000019073
1655973649.67,2.46004378297,-0.728912459894,0.00196831478982,-10.0,-8.80000019073
1655973649.68,2.45275883594,-0.7234232192,0.00162375901587,-10.0,-8.80000019073
1655973649.69,2.44568530595,-0.702381338629,0.00186559277777,-10.0,-8.80000019073
1655973649.7,2.43847943402,-0.715497669858,0.0019832105547,-10.0,-8.80000019073
1655973649.71,2.43086388084,-0.755871689596,0.00203574943126,-10.0,-8.80000019073
1655973649.72,2.4233431487,-0.746479117841,0.00211417870207,-10.0,-8.80000019073
1655973649.73,2.4156671388,-0.761907185995,0.00231805239474,-10.0,-8.80000019073
1655973649.74,2.40811112966,-0.750008795832,0.00255753217307,-10.0,-8.80000019073
1655973649.75,2.40040855623,-0.764581382342,0.00287226191487,-10.0,-8.80000019073
1655973649.76,2.39264512285,-0.770525707459,0.00339333693682,-10.0,-8.80000019073
1655973649.77,2.39242284631,-0.783160141102,0.00774316529846,-10.0,-8.80000019073
1655973649.78,2.38434916683,-0.801812532667,0.00795283959692,-10.0,-8.80000019073
1655973649.79,2.37617351196,-0.811738147082,0.00864134226965,-10.0,-8.80000019073
1655973649.8,2.36788161444,-0.823257117349,0.00942903414745,-10.0,-8.80000019073
1655973649.81,2.35968103942,-0.814592524478,0.00995527499366,-10.0,-8.80000019073
1655973649.82,2.35146639901,-0.816187183198,0.0103146097069,-10.0,-8.80000019073
1655973649.82,2.35146639901,-0.816187183198,0.0103146097069,-10.0,-8.80000019073
1655973649.84,2.33491848085,-0.822772813966,0.0115888948878,-10.0,-8.80000019073
1655973649.85,2.32654861252,-0.831564602375,0.0122042378383,-10.0,-8.80000019073
1655973649.86,2.3182095952,-0.828621852902,0.0128882935593,-10.0,-8.80000019073
1655973649.88,2.30169540481,-0.813438362707,0.0141094142441,-10.0,-8.80000019073
1655973649.89,2.29363586649,-0.801028648465,0.0147570799171,-10.0,-8.80000019073
1655973649.9,2.28560210181,-0.798400319454,0.0152707773859,-10.0,-8.80000019073
1655973649.91,2.27767159931,-0.788130663019,0.016080094283,-10.0,-8.80000019073
1655973649.92,2.26974350435,-0.787552458795,0.0168823646479,-10.0,-8.80000019073
1655973649.93,2.26175508258,-0.793455457701,0.0172943433225,-10.0,-8.80000019073
1655973649.94,2.25380643749,-0.789133048635,0.0179184929407,-10.0,-8.80000019073
1655973649.95,2.24565566958,-0.809125883055,0.0185557655709,-10.0,-8.80000019073
1655973649.96,2.23736878919,-0.822552882744,0.0191717588621,-10.0,-8.80000019073
1655973649.97,2.22897240749,-0.8327523927,0.0195146136447,-10.0,-8.80000019073
1655973649.98,2.22064786481,-0.826206638204,0.0195990885013,-10.0,-8.80000019073
1655973649.99,2.21220640839,-0.837545610921,0.0197532139759,-10.0,-8.80000019073
1655973649.99,2.21220640839,-0.837545610921,0.0197532139759,-10.0,-8.80000019073
1655973650.01,2.19548499328,-0.828325046171,0.0194796103655,-10.0,-8.80000019073
1655973650.02,2.18711906424,-0.830037720318,0.0192962268869,-10.0,-8.80000019073
1655973650.03,2.17926452323,-0.77922088856,0.019232801409,-10.0,-8.80000019073
1655973650.04,2.17146228291,-0.774266224657,0.0188171109708,-10.0,-8.80000019073
1655973650.05,2.16336017877,-0.80423589765,0.0180458545342,-10.0,-8.80000019073
1655973650.06,2.15562187978,-0.767849107119,0.0174917402459,-10.0,-8.80000019073
1655973650.07,2.14801957484,-0.754296690904,0.0169723303848,-10.0,-8.80000019073
1655973650.08,2.14011579383,-0.784258072591,0.0163526238089,-10.0,-8.80000019073
1655973650.09,2.13225927994,-0.779922042948,0.0155179373695,-10.0,-8.80000019073
1655973650.1,2.1384616407,-0.76651867625,0.0190914376742,-10.0,-8.80000019073
1655973650.11,2.13088874085,-0.752396498828,0.0181592934115,-10.0,-8.80000019073
1655973650.12,2.12281120674,-0.802201461877,0.0172695956374,-10.0,-8.80000019073
1655973650.13,2.11502552832,-0.773823453863,0.0163613554979,-10.0,-8.80000019073
1655973650.14,2.10707183569,-0.790746109083,0.0152470350566,-10.0,-8.80000019073
1655973650.15,2.09920649929,-0.781636722377,0.0142413149959,-10.0,-8.80000019073
1655973650.17,2.08319791082,-0.775223042377,0.0122434653672,-10.0,-8.80000019073
1655973650.18,2.07552059035,-0.763368941489,0.0112927681849,-10.0,-8.80000019073
1655973650.19,2.06782280126,-0.765353396231,0.0104611942243,-10.0,-8.80000019073
1655973650.2,2.06040825006,-0.737333494181,0.00967327689641,-10.0,-8.80000019073
1655973650.21,2.05292832768,-0.743705171111,0.00894107845977,-10.0,-8.80000019073
1655973650.22,2.0455375294,-0.734975128156,0.00821883597935,-10.0,-8.80000019073
1655973650.23,2.03821490359,-0.728464173885,0.00731806349357,-10.0,-8.0
1655973650.24,2.03079565457,-0.737895896077,0.00645902714339,-10.0,-8.0
1655973650.25,2.02342712133,-0.732939987637,0.00574153276381,-10.0,-8.0
1655973650.26,2.01614872554,-0.723817889998,0.00526527710973,-10.0,-8.0
1655973650.27,2.01492403212,-0.72839374267,0.00775395013174,-10.0,-8.0
1655973650.28,2.00747041718,-0.741464748792,0.00719289390474,-10.0,-8.0
1655973650.29,1.99984479086,-0.758738781788,0.00638550379669,-10.0,-8.0
1655973650.3,1.9923120701,-0.749309883362,0.00594583646106,-10.0,-8.0
1655973650.31,1.98434975055,-0.791869216919,0.00543620193051,-10.0,-8.0
1655973650.32,1.97636875702,-0.793878253828,0.00484320387021,-10.0,-8.0
1655973650.33,1.96821720715,-0.810875518161,0.00412482551998,-10.0,-8.0
1655973650.34,1.96032815021,-0.785196671947,0.0033039300766,-10.0,-8.0
1655973650.35,1.95232195063,-0.796548670058,0.00262055944992,-10.0,-8.0
1655973650.36,1.9442607774,-0.802204521558,0.00183176749815,-10.0,-8.0
1655973650.37,1.93649266495,-0.77342614174,0.00075383123969,-10.0,-8.0
1655973650.38,1.9288621291,-0.759971510232,-0.000290961113959,-10.0,-8.0
1655973650.39,1.92122326067,-0.760995404866,-0.00133885482181,-10.0,-8.0
1655973650.4,1.91358967214,-0.760496556043,-0.00216307062991,-10.0,-8.0
1655973650.41,1.90640813619,-0.715624264672,-0.0032278479861,-10.0,-8.0
1655973650.42,1.89941259637,-0.697301234916,-0.00445208315911,-10.0,-8.0
1655973650.43,1.89252614691,-0.68646782714,-0.00561705636173,-10.0,-8.0
1655973650.44,1.88577758044,-0.672924969612,-0.00654619095507,-10.0,-8.0
1655973650.45,1.87880359269,-0.694717179007,-0.00752445594521,-10.0,-8.0
1655973650.47,1.86509600739,-0.688466625103,-0.00922739338003,-10.0,-8.0
1655973650.48,1.85816589578,-0.689554615959,-0.00990827406576,-10.0,-8.0
1655973650.49,1.85093855704,-0.718876429018,-0.010535152699,-10.0,-8.0
1655973650.5,1.84361866846,-0.728122316888,-0.0109787390972,-10.0,-8.0
1655973650.51,1.83636378135,-0.721130001164,-0.0111111980417,-10.0,-8.0
1655973650.52,1.82847764281,-0.783927303311,-0.0113764758332,-10.0,-8.0
1655973650.53,1.82070923251,-0.771911084841,-0.0113948921887,-10.0,-8.0
1655973650.54,1.81278471768,-0.787711696548,-0.011370702879,-10.0,-8.0
1655973650.55,1.80540741512,-0.73362527964,-0.0113703437654,-10.0,-8.0
1655973650.56,1.79779252805,-0.756861851032,-0.0109547562983,-10.0,-8.0
1655973650.57,1.79040247753,-0.734831351624,-0.0107348755796,-10.0,-8.0
1655973650.58,1.78330101424,-0.705945631005,-0.0102685226778,-10.0,-8.0
1655973650.59,1.77594936956,-0.730872184517,-0.00991988025164,-10.0,-8.80000019073
1655973650.6,1.76854668268,-0.736274789276,-0.00978182091892,-10.0,-8.80000019073
1655973650.61,1.76120918794,-0.729577569667,-0.00951869336876,-10.0,-8.80000019073
1655973650.62,1.75382514902,-0.734175521438,-0.00906972294838,-10.0,-8.80000019073
1655973650.63,1.74626780866,-0.751714778998,-0.0092389514084,-10.0,-8.80000019073
1655973650.64,1.73864347558,-0.757949052956,-0.00871515500186,-10.0,-8.80000019073
1655973650.65,1.73136795833,-0.723777665322,-0.00874437701265,-10.0,-8.80000019073
1655973650.66,1.72371801088,-0.760637083134,-0.00856024406309,-10.0,-8.80000019073
1655973650.67,1.7161832297,-0.749210833465,-0.00846781905079,-10.0,-8.80000019073
1655973650.68,1.708747258,-0.739731711706,-0.00861868872482,-10.0,-8.80000019073
1655973650.69,1.70118476913,-0.752327050768,-0.0086991138323,-10.0,-8.80000019073
1655973650.7,1.69339302306,-0.774826646141,-0.00893484756014,-10.0,-8.80000019073
1655973650.71,1.68544217761,-0.790628819343,-0.00908959189288,-10.0,-8.80000019073
1655973650.72,1.67754032787,-0.786082594581,-0.00969695975942,-10.0,-8.80000019073
1655973650.73,1.66957521439,-0.791904763777,-0.00985924755709,-10.0,-8.80000019073
1655973650.74,1.66151851294,-0.801532543518,-0.0106162092383,-10.0,-8.80000019073
1655973650.75,1.65346936338,-0.800450641939,-0.0110332013603,-10.0,-8.80000019073
1655973650.76,1.64543601904,-0.798978790165,-0.0113557297763,-10.0,-8.80000019073
1655973650.77,1.63729149416,-0.809956380575,-0.0120716833489,-10.0,-8.80000019073
1655973650.78,1.62932614383,-0.791996997771,-0.0123750208039,-10.0,-8.80000019073
1655973650.8,1.61750700444,-0.798755814884,-0.0105282717103,-10.0,-8.80000019073
1655973650.81,1.60933285107,-0.812891104841,-0.0106556579615,-10.0,-8.80000019073
1655973650.82,1.60103477045,-0.825066681768,-0.0108850127894,-10.0,-8.80000019073
1655973650.83,1.59276589863,-0.822077069814,-0.0106479496494,-10.0,-8.80000019073
1655973650.84,1.58451171371,-0.820832677146,-0.0107491599737,-10.0,-8.80000019073
1655973650.85,1.57629520239,-0.817187630536,-0.0107396849515,-10.0,-8.80000019073
1655973650.86,1.56825593955,-0.799704346875,-0.0106098912534,-10.0,-8.80000019073
1655973650.87,1.5601593994,-0.805225856907,-0.0100961080239,-10.0,-8.80000019073
1655973650.88,1.55206908645,-0.804899019219,-0.00966905631607,-10.0,-8.80000019073
1655973650.89,1.54412335711,-0.7907421257,-0.00912267486922,-10.0,-8.80000019073
1655973650.9,1.53609027994,-0.799533476085,-0.00845437171999,-10.0,-8.80000019073
1655973650.91,1.52806644198,-0.79870104353,-0.00788761434579,-10.0,-8.80000019073
1655973650.92,1.51994684298,-0.808374870152,-0.00733489618494,-10.0,-8.80000019073
1655973650.93,1.5118477664,-0.806919941033,-0.00700805040737,-10.0,-8.80000019073
1655973650.94,1.50382320623,-0.799114435376,-0.00635296091296,-10.0,-8.80000019073
1655973650.95,1.49548654013,-0.830200180296,-0.00586120704401,-10.0,-8.80000019073
1655973650.96,1.48736673476,-0.80840151774,-0.00558438415743,-10.0,-8.80000019073
1655973650.97,1.47904950769,-0.827901676635,-0.00530372305699,-10.0,-8.80000019073
1655973650.98,1.47102991571,-0.798759546586,-0.00499123916547,-10.0,-8.80000019073
1655973650.99,1.46288760885,-0.810771795591,-0.00481110968274,-10.0,-8.80000019073
1655973650.99,1.46288760885,-0.810771795591,-0.00481110968274,-10.0,-8.80000019073
1655973651.01,1.44711578044,-0.775843884515,-0.00461959489402,-10.0,-8.80000019073
1655973651.02,1.43921038608,-0.786397699281,-0.00477656892049,-10.0,-8.80000019073
1655973651.03,1.4314675632,-0.769570746317,-0.00468641947912,-10.0,-8.80000019073
1655973651.04,1.423985654,-0.743880782749,-0.00485083437146,-10.0,-8.80000019073
1655973651.05,1.41639586689,-0.754210375509,-0.0048244372898,-10.0,-8.80000019073
1655973651.06,1.40859593517,-0.7749837535,-0.00497303963484,-10.0,-8.80000019073
1655973651.07,1.40098322103,-0.755672227803,-0.0048767634072,-10.0,-8.80000019073
1655973651.08,1.39308427657,-0.784022610484,-0.00513334137416,-10.0,-8.80000019073
1655973651.1,1.38860249131,-0.786824686658,-0.0018706022235,-10.0,-8.80000019073
1655973651.11,1.38056217477,-0.798822962334,-0.00218242535489,-10.0,-8.80000019073
1655973651.12,1.37241332569,-0.809459224256,-0.0023152554642,-10.0,-8.80000019073
1655973651.13,1.36424675128,-0.811446865991,-0.0025672003486,-10.0,-8.80000019073
1655973651.14,1.35610070128,-0.809669020917,-0.00275107103488,-10.0,-8.80000019073
1655973651.15,1.34786533774,-0.818691783252,-0.00319448472199,-10.0,-8.80000019073
1655973651.16,1.3397480654,-0.807029319496,-0.00337417729198,-10.0,-8.80000019073
1655973651.17,1.33170973177,-0.79935949312,-0.00341371808753,-10.0,-8.80000019073
1655973651.18,1.32362993349,-0.803470328823,-0.00338731670423,-10.0,-8.80000019073
1655973651.19,1.31515705282,-0.842514984419,-0.00334180055022,-10.0,-8.80000019073
1655973651.2,1.30709617522,-0.80193389263,-0.0035848004255,-10.0,-8.80000019073
1655973651.21,1.29903982094,-0.801405294952,-0.00362998232349,-10.0,-8.80000019073
1655973651.22,1.29067672378,-0.831798361953,-0.00371710362286,-10.0,-8.80000019073
1655973651.23,1.28256642157,-0.806629386959,-0.00355780144963,-10.0,-8.80000019073
1655973651.24,1.27432737184,-0.81965905257,-0.00381374519204,-10.0,-8.80000019073
1655973651.25,1.26612256641,-0.816025126523,-0.0037730729584,-10.0,-8.80000019073
1655973651.26,1.25791695013,-0.815981953273,-0.00348692751839,-10.0,-8.80000019073
1655973651.27,1.24984377105,-0.803063761826,-0.00350219291065,-10.0,-8.80000019073
1655973651.28,1.24159388646,-0.820394203871,-0.00333607136811,-10.0,-8.80000019073
1655973651.29,1.23349795215,-0.804938162583,-0.00276459778169,-10.0,-8.80000019073
1655973651.3,1.22547395603,-0.79793626194,-0.002330434939,-10.0,-8.80000019073
1655973651.31,1.21757640128,-0.785544928584,-0.00222392475796,-10.0,-8.80000019073
1655973651.32,1.21166524785,-0.788164382514,-0.000793308708777,-10.0,-8.80000019073
1655973651.33,1.20376915534,-0.785221310749,-0.000418933457372,-10.0,-8.80000019073
1655973651.34,1.19582860952,-0.789558578001,-4.12728649023e-05,-10.0,-8.80000019073
1655973651.35,1.18810364438,-0.768318670701,0.000176887224025,-10.0,-8.80000019073
1655973651.37,1.17243021671,-0.778570744826,0.00114292452198,-10.0,-8.80000019073
1655973651.38,1.16501784519,-0.737325341274,0.00127629196424,-10.0,-8.80000019073
1655973651.39,1.15732995884,-0.76448549906,0.00145174598546,-10.0,-8.80000019073
1655973651.4,1.14976903944,-0.751810498495,0.00186073042428,-10.0,-8.80000019073
1655973651.41,1.14230962362,-0.741972240608,0.00194994648936,-10.0,-8.80000019073
1655973651.42,1.13487967566,-0.739178561001,0.00188840988983,-10.0,-8.80000019073
1655973651.43,1.12733031698,-0.75104883232,0.00192579955873,-10.0,-8.80000019073
1655973651.44,1.11994173971,-0.735435612107,0.00166976499829,-10.0,-8.80000019073
1655973651.45,1.11239650443,-0.750846233811,0.0017218105505,-10.0,-8.80000019073
1655973651.46,1.10495151524,-0.741143248236,0.00160890261656,-10.0,-8.80000019073
1655973651.47,1.09718745691,-0.773107051198,0.00125323260703,-10.0,-8.80000019073
1655973651.48,1.08948798539,-0.766814561186,0.00106184320099,-10.0,-8.80000019073
1655973651.49,1.08171225177,-0.774225824068,0.00100975871358,-10.0,-8.0
1655973651.5,1.07384264572,-0.783889173173,0.000629568619173,-10.0,-8.0
1655973651.51,1.06578912435,-0.802185840662,0.00042223831803,-10.0,-8.0
1655973651.52,1.0578872361,-0.787159640828,0.000185484073381,-10.0,-8.0
1655973651.53,1.04985292634,-0.800236042141,-9.75398024732e-05,-10.0,-8.0
1655973651.54,1.04165817647,-0.816018231171,-0.000270100039472,-10.0,-8.0
1655973651.55,1.03347120188,-0.815634403704,-0.000722560311015,-10.0,-8.0
1655973651.56,1.0253790731,-0.805496426894,-0.00102154986587,-10.0,-8.0
1655973651.57,1.01709705543,-0.824310257097,-0.00120499192124,-10.0,-8.0
1655973651.58,1.00889441515,-0.816605144646,-0.00146830559657,-10.0,-8.0
1655973651.59,1.00071220257,-0.814207599365,-0.00150019101681,-10.0,-8.0
1655973651.6,0.992347392605,-0.832163405626,-0.00180830056815,-10.0,-8.0
1655973651.61,0.983976120155,-0.832597209093,-0.00199306807346,-10.0,-8.0
1655973651.62,0.975758544434,-0.817403386705,-0.00191690151486,-10.0,-8.0
1655973651.63,0.967541821198,-0.81739234724,-0.00211701466654,-10.0,-8.0
1655973651.64,0.959396601816,-0.810340030246,-0.00220568359294,-10.0,-8.0
1655973651.65,0.951517282232,-0.784067371247,-0.00230372191778,-10.0,-8.0
1655973651.67,0.935479808217,-0.789905019426,-0.00238668237337,-10.0,-8.0
1655973651.68,0.927943234715,-0.749641155947,-0.0023663344344,-10.0,-8.0
1655973651.69,0.920144899884,-0.775458771596,-0.00237215261026,-10.0,-8.0
1655973651.7,0.912216132416,-0.788828542897,-0.00254956495428,-10.0,-8.0
1655973651.71,0.9046490408,-0.752401113396,-0.00226500058546,-10.0,-8.0
1655973651.72,0.897060499334,-0.754535544276,-0.00233858821555,-10.0,-8.0
1655973651.73,0.889238535169,-0.777445585347,-0.00211353183292,-10.0,-8.0
1655973651.74,0.881414683048,-0.777966904272,-0.00219757144609,-10.0,-8.0
1655973651.75,0.873949207709,-0.742208608028,-0.00223032235628,-10.0,-8.0
1655973651.76,0.866078471726,-0.782086398869,-0.00226673361155,-10.0,-8.0
1655973651.77,0.858140631116,-0.788463115647,-0.00209348338827,-10.0,-8.0
1655973651.78,0.850420257304,-0.76739644731,-0.00215637992576,-10.0,-8.0
1655973651.79,0.842745482804,-0.762447515564,-0.00192190699659,-10.0,-8.0
1655973651.8,0.834991188424,-0.770626084551,-0.00188530168858,-10.0,-8.0
1655973651.81,0.827213423714,-0.773203348572,-0.00179062057502,-10.0,-8.0
1655973651.82,0.819644651622,-0.752405774609,-0.00170713551718,-10.0,-8.0
1655973651.82,0.819644651622,-0.752405774609,-0.00170713551718,-10.0,-8.0
1655973651.83,0.812149070185,-0.745265925168,-0.00154177863261,-10.0,-8.0
1655973651.85,0.80405697212,-0.774403658762,0.00219258092304,-10.0,-8.0
1655973651.86,0.796487275057,-0.752747235464,0.00251399936428,-10.0,-8.0
1655973651.87,0.788960330181,-0.748835313689,0.00250530671643,-10.0,-8.0
1655973651.88,0.78100101865,-0.791459467455,0.00279444787682,-10.0,-8.0
1655973651.89,0.77306342785,-0.789550802133,0.00278355187705,-10.0,-8.0
1655973651.9,0.765616963484,-0.740758192124,0.00301732331289,-10.0,-8.0
1655973651.91,0.75816699359,-0.741308867723,0.00300850458103,-10.0,-8.0
1655973651.92,0.750184883239,-0.794122365119,0.00286917929883,-10.0,-8.0
1655973651.93,0.742350952751,-0.779476834182,0.00273524697419,-10.0,-8.0
1655973651.94,0.734946317877,-0.736950110088,0.00268638812232,-10.0,-8.0
1655973651.95,0.727367691383,-0.754239273504,0.00257158055112,-10.0,-8.0
1655973651.97,0.711672640799,-0.773341799577,0.00212585894586,-10.0,-8.0
1655973651.98,0.704203549199,-0.743297369979,0.00200640328038,-10.0,-8.0
1655973651.99,0.696768376399,-0.740036786542,0.00174752369139,-10.0,-8.0
1655973651.99,0.696768376399,-0.740036786542,0.00174752369139,-10.0,-8.0
1655973652.01,0.681696410206,-0.759398632624,0.0014419113036,-10.0,-8.0
1655973652.02,0.674087881001,-0.757134872489,0.00121135764721,-10.0,-8.0
1655973652.03,0.666681929273,-0.736989906976,0.00122348593826,-10.0,-8.0
1655973652.04,0.659332932653,-0.731689670262,0.000811762477624,-10.0,-8.0
1655973652.05,0.651887702914,-0.7410534945,0.00071653581837,-10.0,-8.0
1655973652.06,0.644348956124,-0.750379316808,0.000759119495958,-10.0,-8.0
1655973652.07,0.636789337336,-0.752638060687,0.000739753888727,-10.0,-8.0
1655973652.08,0.62944246821,-0.731642246933,0.000788369560268,-10.0,-8.0
1655973652.09,0.622087124589,-0.732437874746,0.00088535090976,-10.0,-8.0
1655973652.1,0.623436261882,-0.746801728342,0.0037759792566,-10.0,-8.0
1655973652.11,0.615888369057,-0.75162936645,0.0039807606491,-10.0,-8.0
1655973652.12,0.608951641164,-0.690923688349,0.00414633516994,-10.0,-8.0
1655973652.13,0.602525143205,-0.640239642971,0.00445825203289,-10.0,-8.0
1655973652.14,0.596232637399,-0.626881993357,0.00460826670426,-10.0,-8.0
1655973652.15,0.589662168059,-0.65458405702,0.00476586904108,-10.0,-8.0
1655973652.16,0.582722710499,-0.69084057966,0.00517206351352,-10.0,-8.0
1655973652.17,0.575516728486,-0.717579546599,0.00499487212195,-10.0,-8.0
1655973652.18,0.568022900602,-0.745456473666,0.00532504950655,-10.0,-8.0
1655973652.19,0.560471708357,-0.751382999667,0.00549902196701,-10.0,-8.0
1655973652.2,0.552744638219,-0.768741951244,0.00579489696564,-10.0,-8.0
1655973652.21,0.544838724307,-0.786401289723,0.00624209705614,-10.0,-8.0
1655973652.22,0.536935311247,-0.786179210845,0.00663598216678,-10.0,-8.0
1655973652.23,0.529098646377,-0.779467443492,0.00689590152135,-10.0,-8.0
1655973652.24,0.521265671579,-0.779109877703,0.00710336701611,-10.0,-8.0
1655973652.25,0.513729797304,-0.749860740594,0.00726329746915,-10.0,-8.0
1655973652.27,0.498861756126,-0.729012994177,0.00819881261961,-10.0,-8.0
1655973652.28,0.491401067873,-0.742391763063,0.00862240056442,-10.0,-8.0
1655973652.29,0.483817589488,-0.754509886984,0.00898441669019,-10.0,-8.0
1655973652.3,0.476451585093,-0.732979052917,0.00921687326065,-10.0,-8.0
1655973652.31,0.469152220108,-0.726171027774,0.00977168446164,-10.0,-8.0
1655973652.32,0.461738440041,-0.738067579654,0.00971371110961,-10.0,-8.0
1655973652.33,0.454104829391,-0.759488508351,0.0101628355771,-10.0,-8.0
1655973652.34,0.446321848993,-0.774634133854,0.01030634283,-10.0,-8.0
1655973652.35,0.438494884765,-0.778732831916,0.0104951661546,-10.0,-8.0
1655973652.36,0.431357595868,-0.780452406275,0.0108780985507,-10.0,-8.0
1655973652.37,0.423632840163,-0.768389348337,0.0111239555013,-10.0,-8.0
1655973652.38,0.416130445493,-0.746911699133,0.0109688152711,-10.0,-8.0
1655973652.39,0.408757890785,-0.733624039551,0.0109747262308,-10.0,-8.0
1655973652.4,0.401448717159,-0.727306348297,0.0108741895904,-10.0,-8.0
1655973652.41,0.394206374836,-0.720269316962,0.0110861007937,-10.0,-8.0
1655973652.42,0.386776759221,-0.73915243076,0.010835306571,-10.0,-8.0
1655973652.43,0.379296444871,-0.744035098025,0.0108366696314,-10.0,-8.0
1655973652.44,0.372091522424,-0.716710490751,0.0106436915348,-10.0,-8.0
1655973652.45,0.365052633573,-0.700186977519,0.0107937384008,-10.0,-8.0
1655973652.46,0.358083163456,-0.693526744806,0.0105351004162,-10.0,-8.0
1655973652.47,0.351029067339,-0.701801576973,0.0105460490482,-10.0,-8.0
1655973652.48,0.343922664689,-0.706876267119,0.0103934046973,-10.0,-8.0
1655973652.49,0.336553284197,-0.733327310877,0.0101717019404,-10.0,-8.0
1655973652.5,0.32899391743,-0.752242254344,0.00999738134248,-10.0,-8.0
1655973652.51,0.321355100614,-0.759912483653,0.0101380542093,-10.0,-8.0
1655973652.52,0.313748576598,-0.756546940651,0.0103972121147,-10.0,-8.0
1655973652.53,0.306230358551,-0.747930205073,0.0106717748617,-10.0,-8.0
1655973652.54,0.298875358018,-0.731904908135,0.0108831825345,-10.0,-8.0
1655973652.55,0.291846425181,-0.699679152928,0.0109523640568,-10.0,-8.0
1655973652.57,0.278335361697,-0.665732475711,0.0114769221606,-10.0,-8.0
1655973652.57,0.278335361697,-0.665732475711,0.0114769221606,-10.0,-8.0
1655973652.59,0.263979751842,-0.728350955315,0.0117431433609,-10.0,-8.0
1655973652.6,0.256253401492,-0.768836252964,0.0120858844431,-10.0,-8.80000019073
1655973652.61,0.248490588062,-0.772737251389,0.0122431232127,-10.0,-8.80000019073
1655973652.62,0.2407481181,-0.770575800984,0.0123923859654,-10.0,-8.80000019073
1655973652.63,0.233045982269,-0.766664025982,0.0127055224856,-10.0,-8.80000019073
1655973652.64,0.225381282522,-0.76330445301,0.0127283524951,-10.0,-8.80000019073
1655973652.65,0.217680872165,-0.766898347617,0.0130119870548,-10.0,-8.80000019073
1655973652.66,0.210096091048,-0.755768460724,0.0131169308427,-10.0,-8.0
1655973652.67,0.2028750785,-0.719461846382,0.0134202347429,-10.0,-8.0
1655973652.68,0.196113310934,-0.674726534254,0.0134637782736,-10.0,-8.0
1655973652.69,0.189535238541,-0.656573481294,0.0134215642935,-10.0,-8.0
1655973652.7,0.182841667345,-0.668909956291,0.0136122474949,-10.0,-8.0
1655973652.71,0.175694340962,-0.713748074643,0.0135221198804,-10.0,-8.0
1655973652.72,0.168127097632,-0.756202891088,0.0132004289843,-10.0,-8.0
1655973652.73,0.160531147044,-0.758958766227,0.0131603960764,-10.0,-8.0
1655973652.74,0.153979633262,-0.655500875824,0.0130450179285,-10.0,-8.0
1655973652.75,0.148236501884,-0.575259791038,0.0130640258091,-10.0,-8.0
1655973652.76,0.142800654625,-0.545722931341,0.0129119383462,-10.0,-8.0
1655973652.77,0.137747633114,-0.509095681732,0.0126840913784,-10.0,-8.0
1655973652.78,0.133054527575,-0.472166572567,0.0124357487263,-10.0,-8.0
1655973652.79,0.128194043627,-0.488253224772,0.0119352633905,-10.0,-8.80000019073
1655973652.8,0.123292030517,-0.49194431926,0.0115065907486,-10.0,-8.80000019073
1655973652.81,0.118172704498,-0.514606339217,0.0110436976415,-10.0,-8.80000019073
1655973652.82,0.112825457514,-0.537037051266,0.010556592769,-10.0,-8.80000019073
1655973652.83,0.107288461766,-0.554318665357,0.0101172097427,-10.0,-8.80000019073
1655973652.84,0.101509486778,-0.577416985627,0.00965995237759,-10.0,-8.80000019073
1655973652.85,0.0955796898673,-0.591590211533,0.00943411612709,-10.0,-8.80000019073
